{
    "gpt-4.1-nano": {
        "gpt-4.1": {
            "coherence": 3.9583333333333335,
            "relevance": 3.2916666666666665,
            "fluency:": 4.0,
            "consistency": 3.75
        },
        "grok-3": {
            "coherence": 3.875,
            "relevance": 2.2083333333333335,
            "fluency:": 3.7916666666666665,
            "consistency": 3.625
        },
        "Phi-4": {
            "coherence": 3.7916666666666665,
            "relevance": 3.6666666666666665,
            "fluency:": 3.5,
            "consistency": 3.6666666666666665
        }
    },
    "gpt-4.1": {
        "gpt-4.1": {
            "coherence": 3.9583333333333335,
            "relevance": 3.375,
            "fluency:": 4.0,
            "consistency": 3.9166666666666665
        },
        "grok-3": {
            "coherence": 3.9583333333333335,
            "relevance": 2.2916666666666665,
            "fluency:": 3.8333333333333335,
            "consistency": 3.875
        },
        "Phi-4": {
            "coherence": 3.6666666666666665,
            "relevance": 3.5833333333333335,
            "fluency:": 3.4583333333333335,
            "consistency": 3.375
        }
    },
    "gpt-4o": {
        "gpt-4.1": {
            "coherence": 3.9583333333333335,
            "relevance": 3.0833333333333335,
            "fluency:": 4.0,
            "consistency": 3.8333333333333335
        },
        "grok-3": {
            "coherence": 3.9583333333333335,
            "relevance": 2.0833333333333335,
            "fluency:": 3.7083333333333335,
            "consistency": 3.7916666666666665
        },
        "Phi-4": {
            "coherence": 3.9166666666666665,
            "relevance": 3.7916666666666665,
            "fluency:": 3.4583333333333335,
            "consistency": 3.3333333333333335
        }
    },
    "gpt-4.1-mini": {
        "gpt-4.1": {
            "coherence": 3.9583333333333335,
            "relevance": 3.5833333333333335,
            "fluency:": 4.0,
            "consistency": 3.9583333333333335
        },
        "grok-3": {
            "coherence": 3.9583333333333335,
            "relevance": 2.0416666666666665,
            "fluency:": 3.8333333333333335,
            "consistency": 3.7916666666666665
        },
        "Phi-4": {
            "coherence": 3.7083333333333335,
            "relevance": 3.7083333333333335,
            "fluency:": 3.5,
            "consistency": 3.5
        }
    }
}