{
    "gpt-4.1-nano": {
        "coherence": 3.875,
        "relevance": 3.0555555555555554,
        "fluency:": 3.763888888888889,
        "consistency": 3.6805555555555554
    },
    "gpt-4.1": {
        "coherence": 3.861111111111111,
        "relevance": 3.0833333333333335,
        "fluency:": 3.7638888888888893,
        "consistency": 3.722222222222222
    },
    "gpt-4o": {
        "coherence": 3.9444444444444446,
        "relevance": 2.986111111111111,
        "fluency:": 3.7222222222222228,
        "consistency": 3.652777777777778
    },
    "gpt-4.1-mini": {
        "coherence": 3.875,
        "relevance": 3.111111111111111,
        "fluency:": 3.777777777777778,
        "consistency": 3.75
    }
}