{
  "evaluation_timestamp": "2025-09-21T12:29:39.546101",
  "text_lengths": {
    "generated": 29001,
    "reference": 36130
  },
  "rouge": {
    "rouge1_f1": 0.5393312484965119,
    "rouge2_f1": 0.14773820981713187,
    "rougeL_f1": 0.1421698340149146,
    "rouge1_precision": 0.5962765957446808,
    "rouge1_recall": 0.49231444883618797,
    "rouge2_precision": 0.163341314179303,
    "rouge2_recall": 0.13485613880957611,
    "rougeL_precision": 0.15718085106382979,
    "rougeL_recall": 0.1297760210803689
  },
  "meteor": {
    "meteor_score": 0.28611510774364474
  },
  "bertscore": {
    "bertscore_precision": 0.7914640307426453,
    "bertscore_recall": 0.763360857963562,
    "bertscore_f1": 0.7771584987640381
  },
  "word_overlap": {
    "word_precision": 0.49217221135029354,
    "word_recall": 0.39450980392156865,
    "word_f1": 0.4379625598606879,
    "word_overlap_count": 503
  },
  "entity_keyword_recall": {
    "entity_recall": 0.0,
    "keyword_recall": 0.3654425045153522,
    "entities_found": 0,
    "total_reference_entities": 0,
    "keywords_found": 607,
    "total_reference_keywords": 1661
  },
  "compression": {
    "character_compression_ratio": 0.802684749515638,
    "word_compression_ratio": 0.831404583616973,
    "sentence_compression_ratio": 0.639225181598063,
    "generated_length": 29001,
    "reference_length": 36130,
    "generated_words": 3664,
    "reference_words": 4407
  },
  "bart_score": -3.889017105102539,
  "llm_evaluation": "```json\n{\n  \"result\": \"FILE 1\",\n  \"reason\": \"Comprehensive detailed documentation, examples, installation, usage, and contact info.\"\n}\n```"
}