{
  "evaluation_timestamp": "2025-09-21T12:31:04.239254",
  "text_lengths": {
    "generated": 29725,
    "reference": 1940
  },
  "rouge": {
    "rouge1_f1": 0.08243559718969555,
    "rouge2_f1": 0.02530459231490159,
    "rougeL_f1": 0.041217798594847775,
    "rouge1_precision": 0.04387933183744702,
    "rouge1_recall": 0.6795366795366795,
    "rouge2_precision": 0.013466334164588529,
    "rouge2_recall": 0.20930232558139536,
    "rougeL_precision": 0.02193966591872351,
    "rougeL_recall": 0.33976833976833976
  },
  "meteor": {
    "meteor_score": 0.14144199246545244
  },
  "bertscore": {
    "bertscore_precision": 0.7977567315101624,
    "bertscore_recall": 0.7854487299919128,
    "bertscore_f1": 0.791554868221283
  },
  "word_overlap": {
    "word_precision": 0.07723995880535531,
    "word_recall": 0.6880733944954128,
    "word_f1": 0.1388888888888889,
    "word_overlap_count": 75
  },
  "entity_keyword_recall": {
    "entity_recall": 0.0,
    "keyword_recall": 0.6086956521739131,
    "entities_found": 0,
    "total_reference_entities": 0,
    "keywords_found": 70,
    "total_reference_keywords": 115
  },
  "compression": {
    "character_compression_ratio": 15.322164948453608,
    "word_compression_ratio": 15.482213438735178,
    "sentence_compression_ratio": 10.428571428571429,
    "generated_length": 29725,
    "reference_length": 1940,
    "generated_words": 3917,
    "reference_words": 253
  },
  "bart_score": -4.330309867858887,
  "llm_evaluation": "```json\n{\n  \"result\": \"FILE 1\",\n  \"reason\": \"More comprehensive content covering usage, structure, and development.\"\n}\n```"
}