{
  "evaluation_timestamp": "2025-09-21T12:32:43.050460",
  "text_lengths": {
    "generated": 16254,
    "reference": 2527
  },
  "rouge": {
    "rouge1_f1": 0.15787385957953196,
    "rouge2_f1": 0.034934497816593885,
    "rougeL_f1": 0.07140023800079333,
    "rouge1_precision": 0.09149425287356322,
    "rouge1_recall": 0.5751445086705202,
    "rouge2_precision": 0.020239190432382703,
    "rouge2_recall": 0.12753623188405797,
    "rougeL_precision": 0.041379310344827586,
    "rougeL_recall": 0.26011560693641617
  },
  "meteor": {
    "meteor_score": 0.23536188804810088
  },
  "bertscore": {
    "bertscore_precision": 0.8056685924530029,
    "bertscore_recall": 0.7763396501541138,
    "bertscore_f1": 0.7907322645187378
  },
  "word_overlap": {
    "word_precision": 0.15384615384615385,
    "word_recall": 0.5181347150259067,
    "word_f1": 0.2372479240806643,
    "word_overlap_count": 100
  },
  "entity_keyword_recall": {
    "entity_recall": 0.0,
    "keyword_recall": 0.4672897196261682,
    "entities_found": 0,
    "total_reference_entities": 0,
    "keywords_found": 100,
    "total_reference_keywords": 214
  },
  "compression": {
    "character_compression_ratio": 6.43213296398892,
    "word_compression_ratio": 6.259475218658892,
    "sentence_compression_ratio": 4.043478260869565,
    "generated_length": 16254,
    "reference_length": 2527,
    "generated_words": 2147,
    "reference_words": 343
  },
  "bart_score": -5.039449214935303,
  "llm_evaluation": "```json\n{\n  \"result\": \"FILE 1\",\n  \"reason\": \"Comprehensive project details, installation steps, and structure overview.\"\n}\n```"
}