{
  "evaluation_timestamp": "2025-09-21T12:33:52.813073",
  "text_lengths": {
    "generated": 28719,
    "reference": 24185
  },
  "rouge": {
    "rouge1_f1": 0.3949568315746197,
    "rouge2_f1": 0.07868403015764222,
    "rougeL_f1": 0.10086336850760587,
    "rouge1_precision": 0.3845743261275687,
    "rouge1_recall": 0.4059154929577465,
    "rouge2_precision": 0.07661505605979711,
    "rouge2_recall": 0.08086785009861933,
    "rougeL_precision": 0.09821190285561783,
    "rougeL_recall": 0.10366197183098591
  },
  "meteor": {
    "meteor_score": 0.23799858492689355
  },
  "bertscore": {
    "bertscore_precision": 0.7971365451812744,
    "bertscore_recall": 0.7683371305465698,
    "bertscore_f1": 0.7824719548225403
  },
  "word_overlap": {
    "word_precision": 0.35360824742268043,
    "word_recall": 0.42398022249690975,
    "word_f1": 0.38560989319842615,
    "word_overlap_count": 343
  },
  "entity_keyword_recall": {
    "entity_recall": 0.0,
    "keyword_recall": 0.3704081632653061,
    "entities_found": 0,
    "total_reference_entities": 0,
    "keywords_found": 363,
    "total_reference_keywords": 980
  },
  "compression": {
    "character_compression_ratio": 1.187471573289229,
    "word_compression_ratio": 1.0654984199942545,
    "sentence_compression_ratio": 0.7480314960629921,
    "generated_length": 28719,
    "reference_length": 24185,
    "generated_words": 3709,
    "reference_words": 3481
  },
  "bart_score": -4.084568500518799,
  "llm_evaluation": "```json\n{\n  \"result\": \"FILE 1\",\n  \"reason\": \"More comprehensive, detailed documentation and practical instructions.\"\n}\n```"
}