{
  "evaluation_timestamp": "2025-09-21T13:43:10.428944",
  "text_lengths": {
    "generated": 24355,
    "reference": 4988
  },
  "rouge": {
    "rouge1_f1": 0.20162346163917255,
    "rouge2_f1": 0.041393764736704225,
    "rougeL_f1": 0.07384131971720345,
    "rouge1_precision": 0.12508122157244964,
    "rouge1_recall": 0.5195681511470985,
    "rouge2_precision": 0.025674358141046474,
    "rouge2_recall": 0.10675675675675676,
    "rougeL_precision": 0.04580896686159844,
    "rougeL_recall": 0.1902834008097166
  },
  "meteor": {
    "meteor_score": 0.2600587280067537
  },
  "bertscore": {
    "bertscore_precision": 0.7795478105545044,
    "bertscore_recall": 0.7684561014175415,
    "bertscore_f1": 0.7739621996879578
  },
  "word_overlap": {
    "word_precision": 0.1630012936610608,
    "word_recall": 0.4405594405594406,
    "word_f1": 0.23796033994334279,
    "word_overlap_count": 126
  },
  "entity_keyword_recall": {
    "entity_recall": 0.0,
    "keyword_recall": 0.3885350318471338,
    "entities_found": 0,
    "total_reference_entities": 0,
    "keywords_found": 122,
    "total_reference_keywords": 314
  },
  "compression": {
    "character_compression_ratio": 4.882718524458701,
    "word_compression_ratio": 3.9864130434782608,
    "sentence_compression_ratio": 4.531645569620253,
    "generated_length": 24355,
    "reference_length": 4988,
    "generated_words": 2934,
    "reference_words": 736
  },
  "bart_score": -4.10209846496582,
  "llm_evaluation": "```json\n{\n  \"result\": \"FILE 1\",\n  \"reason\": \"Comprehensive details on structure, usage, and contribution.\"\n}\n```"
}