{
  "evaluation_timestamp": "2025-09-21T12:39:50.291156",
  "text_lengths": {
    "generated": 25236,
    "reference": 3295
  },
  "rouge": {
    "rouge1_f1": 0.1550427793621986,
    "rouge2_f1": 0.045136186770428015,
    "rougeL_f1": 0.06533575317604357,
    "rouge1_precision": 0.08875037102997922,
    "rouge1_recall": 0.6127049180327869,
    "rouge2_precision": 0.025831353919239904,
    "rouge2_recall": 0.17864476386036962,
    "rougeL_precision": 0.037399821905609976,
    "rougeL_recall": 0.2581967213114754
  },
  "meteor": {
    "meteor_score": 0.22829525494793354
  },
  "bertscore": {
    "bertscore_precision": 0.7848165035247803,
    "bertscore_recall": 0.750190794467926,
    "bertscore_f1": 0.7671131491661072
  },
  "word_overlap": {
    "word_precision": 0.12140575079872204,
    "word_recall": 0.5643564356435643,
    "word_f1": 0.19982471516213846,
    "word_overlap_count": 114
  },
  "entity_keyword_recall": {
    "entity_recall": 0.0,
    "keyword_recall": 0.5285714285714286,
    "entities_found": 0,
    "total_reference_entities": 0,
    "keywords_found": 111,
    "total_reference_keywords": 210
  },
  "compression": {
    "character_compression_ratio": 7.658877086494689,
    "word_compression_ratio": 6.800829875518672,
    "sentence_compression_ratio": 2.948717948717949,
    "generated_length": 25236,
    "reference_length": 3295,
    "generated_words": 3278,
    "reference_words": 482
  },
  "bart_score": -4.227785110473633,
  "llm_evaluation": "```json\n{\n  \"result\": \"FILE 1\",\n  \"reasons\": \"Comprehensive detailed documentation, usage, installation, contribution guidelines.\"\n}\n```"
}